geography_id,geography_type,geography_name,year,indicator_id,indicator_name,value,unit,source,source_version,method_note,coverage_start,coverage_end,quality_flag,suppression_flag,notes
1103,kommune,Stavanger,2025,energy_employment_share,Employment share in transition-sensitive energy sectors,0.18,share,PLACEHOLDER_DEMO,0.1,Illustrative only,2025,2025,demo_placeholder,not_suppressed,Synthetic values; replace before analysis
1103,kommune,Stavanger,2025,energy_sector_specialisation,Specialisation in transition-sensitive energy sectors,0.08,location_quotient,PLACEHOLDER_DEMO,0.1,Illustrative only,2025,2025,demo_placeholder,not_suppressed,Synthetic values; replace before analysis
1103,kommune,Stavanger,2025,energy_sector_age_profile,Age structure of transition-sensitive energy employment,0.12,share_or_index,PLACEHOLDER_DEMO,0.1,Illustrative only,2025,2025,demo_placeholder,not_suppressed,Synthetic values; replace before analysis
1103,kommune,Stavanger,2025,energy_skill_profile,Skill/education profile of transition-sensitive energy employment,0.42,share_or_index,PLACEHOLDER_DEMO,0.1,Illustrative only,2025,2025,demo_placeholder,not_suppressed,Synthetic values; replace before analysis
1103,kommune,Stavanger,2025,wp1_skill_demand_green,Regional demand for transition-relevant skills,0.25,index,PLACEHOLDER_DEMO,0.1,Illustrative only,2025,2025,demo_placeholder,not_suppressed,Synthetic values; replace before analysis
1103,kommune,Stavanger,2025,wp1_skill_supply_green,Regional supply of transition-relevant skills,0.58,index,PLACEHOLDER_DEMO,0.1,Illustrative only,2025,2025,demo_placeholder,not_suppressed,Synthetic values; replace before analysis
1103,kommune,Stavanger,2025,wp1_skill_relatedness,Relatedness of regional skills to transition-relevant skills,0.62,index,PLACEHOLDER_DEMO,0.1,Illustrative only,2025,2025,demo_placeholder,not_suppressed,Synthetic values; replace before analysis
1106,kommune,Sauda,2025,energy_employment_share,Employment share in transition-sensitive energy sectors,0.46,share,PLACEHOLDER_DEMO,0.1,Illustrative only,2025,2025,demo_placeholder,not_suppressed,Synthetic values; replace before analysis
1106,kommune,Sauda,2025,energy_sector_specialisation,Specialisation in transition-sensitive energy sectors,0.31,location_quotient,PLACEHOLDER_DEMO,0.1,Illustrative only,2025,2025,demo_placeholder,not_suppressed,Synthetic values; replace before analysis
1106,kommune,Sauda,2025,energy_sector_age_profile,Age structure of transition-sensitive energy employment,0.35,share_or_index,PLACEHOLDER_DEMO,0.1,Illustrative only,2025,2025,demo_placeholder,not_suppressed,Synthetic values; replace before analysis
1106,kommune,Sauda,2025,energy_skill_profile,Skill/education profile of transition-sensitive energy employment,0.68,share_or_index,PLACEHOLDER_DEMO,0.1,Illustrative only,2025,2025,demo_placeholder,not_suppressed,Synthetic values; replace before analysis
1106,kommune,Sauda,2025,wp1_skill_demand_green,Regional demand for transition-relevant skills,0.52,index,PLACEHOLDER_DEMO,0.1,Illustrative only,2025,2025,demo_placeholder,not_suppressed,Synthetic values; replace before analysis
1106,kommune,Sauda,2025,wp1_skill_supply_green,Regional supply of transition-relevant skills,0.36,index,PLACEHOLDER_DEMO,0.1,Illustrative only,2025,2025,demo_placeholder,not_suppressed,Synthetic values; replace before analysis
1106,kommune,Sauda,2025,wp1_skill_relatedness,Relatedness of regional skills to transition-relevant skills,0.41,index,PLACEHOLDER_DEMO,0.1,Illustrative only,2025,2025,demo_placeholder,not_suppressed,Synthetic values; replace before analysis
1108,kommune,Sandnes,2025,energy_employment_share,Employment share in transition-sensitive energy sectors,0.22,share,PLACEHOLDER_DEMO,0.1,Illustrative only,2025,2025,demo_placeholder,not_suppressed,Synthetic values; replace before analysis
1108,kommune,Sandnes,2025,energy_sector_specialisation,Specialisation in transition-sensitive energy sectors,0.12,location_quotient,PLACEHOLDER_DEMO,0.1,Illustrative only,2025,2025,demo_placeholder,not_suppressed,Synthetic values; replace before analysis
1108,kommune,Sandnes,2025,energy_sector_age_profile,Age structure of transition-sensitive energy employment,0.18,share_or_index,PLACEHOLDER_DEMO,0.1,Illustrative only,2025,2025,demo_placeholder,not_suppressed,Synthetic values; replace before analysis
1108,kommune,Sandnes,2025,energy_skill_profile,Skill/education profile of transition-sensitive energy employment,0.48,share_or_index,PLACEHOLDER_DEMO,0.1,Illustrative only,2025,2025,demo_placeholder,not_suppressed,Synthetic values; replace before analysis
1108,kommune,Sandnes,2025,wp1_skill_demand_green,Regional demand for transition-relevant skills,0.31,index,PLACEHOLDER_DEMO,0.1,Illustrative only,2025,2025,demo_placeholder,not_suppressed,Synthetic values; replace before analysis
1108,kommune,Sandnes,2025,wp1_skill_supply_green,Regional supply of transition-relevant skills,0.54,index,PLACEHOLDER_DEMO,0.1,Illustrative only,2025,2025,demo_placeholder,not_suppressed,Synthetic values; replace before analysis
1108,kommune,Sandnes,2025,wp1_skill_relatedness,Relatedness of regional skills to transition-relevant skills,0.57,index,PLACEHOLDER_DEMO,0.1,Illustrative only,2025,2025,demo_placeholder,not_suppressed,Synthetic values; replace before analysis
1110,kommune,Kvitsøy,2025,energy_employment_share,Employment share in transition-sensitive energy sectors,0.11,share,PLACEHOLDER_DEMO,0.1,Illustrative only,2025,2025,demo_placeholder,not_suppressed,Synthetic values; replace before analysis
1110,kommune,Kvitsøy,2025,energy_sector_specialisation,Specialisation in transition-sensitive energy sectors,0.04,location_quotient,PLACEHOLDER_DEMO,0.1,Illustrative only,2025,2025,demo_placeholder,not_suppressed,Synthetic values; replace before analysis
1110,kommune,Kvitsøy,2025,energy_sector_age_profile,Age structure of transition-sensitive energy employment,0.08,share_or_index,PLACEHOLDER_DEMO,0.1,Illustrative only,2025,2025,demo_placeholder,not_suppressed,Synthetic values; replace before analysis
1110,kommune,Kvitsøy,2025,energy_skill_profile,Skill/education profile of transition-sensitive energy employment,0.36,share_or_index,PLACEHOLDER_DEMO,0.1,Illustrative only,2025,2025,demo_placeholder,not_suppressed,Synthetic values; replace before analysis
1110,kommune,Kvitsøy,2025,wp1_skill_demand_green,Regional demand for transition-relevant skills,0.21,index,PLACEHOLDER_DEMO,0.1,Illustrative only,2025,2025,demo_placeholder,not_suppressed,Synthetic values; replace before analysis
1110,kommune,Kvitsøy,2025,wp1_skill_supply_green,Regional supply of transition-relevant skills,0.65,index,PLACEHOLDER_DEMO,0.1,Illustrative only,2025,2025,demo_placeholder,not_suppressed,Synthetic values; replace before analysis
1110,kommune,Kvitsøy,2025,wp1_skill_relatedness,Relatedness of regional skills to transition-relevant skills,0.7,index,PLACEHOLDER_DEMO,0.1,Illustrative only,2025,2025,demo_placeholder,not_suppressed,Synthetic values; replace before analysis
1112,kommune,Lund,2025,energy_employment_share,Employment share in transition-sensitive energy sectors,0.29,share,PLACEHOLDER_DEMO,0.1,Illustrative only,2025,2025,demo_placeholder,not_suppressed,Synthetic values; replace before analysis
1112,kommune,Lund,2025,energy_sector_specialisation,Specialisation in transition-sensitive energy sectors,0.19,location_quotient,PLACEHOLDER_DEMO,0.1,Illustrative only,2025,2025,demo_placeholder,not_suppressed,Synthetic values; replace before analysis
1112,kommune,Lund,2025,energy_sector_age_profile,Age structure of transition-sensitive energy employment,0.23,share_or_index,PLACEHOLDER_DEMO,0.1,Illustrative only,2025,2025,demo_placeholder,not_suppressed,Synthetic values; replace before analysis
1112,kommune,Lund,2025,energy_skill_profile,Skill/education profile of transition-sensitive energy employment,0.55,share_or_index,PLACEHOLDER_DEMO,0.1,Illustrative only,2025,2025,demo_placeholder,not_suppressed,Synthetic values; replace before analysis
1112,kommune,Lund,2025,wp1_skill_demand_green,Regional demand for transition-relevant skills,0.39,index,PLACEHOLDER_DEMO,0.1,Illustrative only,2025,2025,demo_placeholder,not_suppressed,Synthetic values; replace before analysis
1112,kommune,Lund,2025,wp1_skill_supply_green,Regional supply of transition-relevant skills,0.45,index,PLACEHOLDER_DEMO,0.1,Illustrative only,2025,2025,demo_placeholder,not_suppressed,Synthetic values; replace before analysis
1112,kommune,Lund,2025,wp1_skill_relatedness,Relatedness of regional skills to transition-relevant skills,0.49,index,PLACEHOLDER_DEMO,0.1,Illustrative only,2025,2025,demo_placeholder,not_suppressed,Synthetic values; replace before analysis
